peak_radius,damping,nullspace_gain,rms_position_error,rms_orientation_error,final_position_error,peak_dq,clipped_steps,peak_condition_number,max_distance_from_home,diverged,final_joint1,final_joint2,final_joint3,final_joint4,final_joint5,final_joint6,final_joint7
0.66,0.0001,0.0,0.00783497,0.0146311,0.00661306,0.0299707,0,20.8208,0.56419,0,-0.0002857,0.00782969,0.000285409,-1.57524,-0.00033523,1.56902,-0.785301
0.66,0.0001,2.0,0.00783501,0.0146312,0.00661309,0.0299706,0,20.8208,0.564188,0,9.8904e-07,0.00782975,-1.53802e-06,-1.57524,-0.000334864,1.56902,-0.785302
0.66,0.0001,5.0,0.00783504,0.0146311,0.00661309,0.0299706,0,20.8207,0.564186,0,9.99746e-07,0.00782975,-1.54889e-06,-1.57524,-0.000334864,1.56902,-0.785302
0.66,0.0003,0.0,0.00783498,0.0146311,0.00661306,0.0299707,0,20.8208,0.56419,0,-0.0002857,0.0078297,0.000285409,-1.57524,-0.00033523,1.56902,-0.785301
0.66,0.0003,2.0,0.00783518,0.0146311,0.00661309,0.0299702,0,20.8205,0.564178,0,9.8903e-07,0.00782973,-1.53803e-06,-1.57524,-0.000334864,1.56902,-0.785302
0.66,0.0003,5.0,0.00783547,0.0146309,0.00661309,0.0299695,0,20.82,0.564159,0,9.99715e-07,0.0078297,-1.5489e-06,-1.57524,-0.000334863,1.56902,-0.785302
0.66,0.0005,0.0,0.00783499,0.0146311,0.00661306,0.0299707,0,20.8208,0.56419,0,-0.0002857,0.00782972,0.000285409,-1.57524,-0.00033523,1.56902,-0.785301
0.66,0.0005,2.0,0.00783554,0.0146308,0.00661309,0.0299694,0,20.82,0.564156,0,9.89009e-07,0.0078297,-1.53803e-06,-1.57524,-0.000334864,1.56902,-0.785302
0.66,0.0005,5.0,0.00783634,0.0146303,0.0066131,0.0299675,0,20.8187,0.564105,0,9.99652e-07,0.0078296,-1.54893e-06,-1.57524,-0.000334863,1.56902,-0.785302
0.66,0.001,0.0,0.00783504,0.0146311,0.00661306,0.0299706,0,20.8208,0.564189,0,-0.0002857,0.00782978,0.000285409,-1.57524,-0.000335231,1.56902,-0.785301
0.66,0.001,2.0,0.0078372,0.0146298,0.00661311,0.0299655,0,20.8174,0.564054,0,9.88912e-07,0.00782956,-1.53807e-06,-1.57524,-0.000334863,1.56902,-0.785302
0.66,0.001,5.0,0.00784042,0.0146278,0.00661314,0.0299579,0,20.8123,0.563852,0,9.99357e-07,0.00782913,-1.54904e-06,-1.57524,-0.000334862,1.56902,-0.785302
0.66,0.003,0.0,0.00783559,0.0146311,0.00661304,0.0299698,0,20.8207,0.564185,0,-0.000285699,0.00783051,0.000285408,-1.57523,-0.000335234,1.56902,-0.785301
0.66,0.003,2.0,0.00785502,0.014619,0.00661325,0.0299243,0,20.7903,0.562974,0,9.87874e-07,0.00782799,-1.53841e-06,-1.57524,-0.00033486,1.56903,-0.785302
0.66,0.003,5.0,0.00788464,0.014601,0.00661351,0.0298568,0,20.7453,0.561177,0,9.96212e-07,0.00782415,-1.55025e-06,-1.57524,-0.00033485,1.56903,-0.785302
0.66,0.005,0.0,0.00783668,0.0146311,0.006613,0.0299681,0,20.8204,0.564176,0,-0.000285696,0.00783196,0.000285408,-1.57523,-0.000335239,1.56902,-0.785301
0.66,0.005,2.0,0.00789127,0.0145976,0.00661353,0.0298427,0,20.7368,0.560838,0,9.85801e-07,0.00782488,-1.5391e-06,-1.57524,-0.000334854,1.56903,-0.785302
0.66,0.005,5.0,0.00797682,0.0145483,0.00661425,0.029659,0,20.6162,0.555974,0,9.89946e-07,0.0078143,-1.55269e-06,-1.57526,-0.000334826,1.56903,-0.785302
0.66,0.01,0.0,0.00784182,0.0146311,0.00661281,0.0299604,0,20.8194,0.564134,0,-0.000285685,0.00783877,0.000285403,-1.57522,-0.000335266,1.56902,-0.785301
0.66,0.01,2.0,0.00807113,0.0144999,0.0066148,0.0294733,0,20.5,0.551234,0,9.76147e-07,0.00781048,-1.54235e-06,-1.57526,-0.000334824,1.56904,-0.785302
0.66,0.01,5.0,0.00845921,0.0143165,0.00661744,0.0288039,0,20.0849,0.53383,0,9.60965e-07,0.00776995,-1.56439e-06,-1.57532,-0.000334715,1.56906,-0.785302
0.68,0.0001,0.0,0.0083194,0.0148334,0.00658875,0.0399884,0,29.3883,0.803654,0,-0.000389514,0.00820765,0.000389769,-1.57469,-0.000335618,1.56885,-0.785301
0.68,0.0001,2.0,0.00831945,0.0148335,0.00658879,0.0399883,0,29.3881,0.80365,0,1.24465e-06,0.00820773,-1.44726e-06,-1.57469,-0.000334969,1.56885,-0.785302
0.68,0.0001,5.0,0.0083195,0.0148334,0.00658879,0.0399881,0,29.3879,0.803644,0,1.2419e-06,0.00820773,-1.44471e-06,-1.57469,-0.000334968,1.56885,-0.785302
0.68,0.0003,0.0,0.00831941,0.0148334,0.00658875,0.0399884,0,29.3883,0.803653,0,-0.000389514,0.00820766,0.000389769,-1.57469,-0.000335619,1.56885,-0.785301
0.68,0.0003,2.0,0.00831973,0.0148333,0.00658879,0.0399872,0,29.3866,0.803619,0,1.24463e-06,0.00820771,-1.44727e-06,-1.57469,-0.000334969,1.56885,-0.785302
0.68,0.0003,5.0,0.00832018,0.014833,0.0065888,0.0399855,0,29.384,0.803568,0,1.24186e-06,0.00820766,-1.44472e-06,-1.57469,-0.000334968,1.56885,-0.785302
0.68,0.0005,0.0,0.00831943,0.0148334,0.00658874,0.0399883,0,29.3883,0.803653,0,-0.000389514,0.00820768,0.000389769,-1.57469,-0.000335619,1.56885,-0.785301
0.68,0.0005,2.0,0.00832028,0.0148329,0.00658879,0.0399852,0,29.3835,0.803558,0,1.24461e-06,0.00820767,-1.44727e-06,-1.57469,-0.000334968,1.56885,-0.785302
0.68,0.0005,5.0,0.00832153,0.0148321,0.00658881,0.0399804,0,29.3762,0.803416,0,1.24179e-06,0.00820753,-1.44474e-06,-1.57469,-0.000334968,1.56885,-0.785302
0.68,0.001,0.0,0.00831952,0.0148334,0.00658874,0.0399881,0,29.3882,0.803652,0,-0.000389514,0.00820777,0.000389769,-1.57469,-0.000335619,1.56885,-0.785301
0.68,0.001,2.0,0.00832286,0.0148312,0.00658881,0.0399754,0,29.3689,0.803273,0,1.24449e-06,0.00820748,-1.44731e-06,-1.57469,-0.000334968,1.56885,-0.785302
0.68,0.001,5.0,0.00832787,0.0148278,0.00658886,0.0399564,0,29.34,0.802707,0,1.24145e-06,0.00820691,-1.44484e-06,-1.57469,-0.000334967,1.56885,-0.785302
0.68,0.003,0.0,0.00832047,0.0148334,0.00658869,0.0399856,0,29.3875,0.803638,0,-0.000389512,0.00820875,0.000389768,-1.57468,-0.000335622,1.56885,-0.785301
0.68,0.003,2.0,0.00835077,0.0148132,0.00658902,0.0398724,0,29.216,0.800267,0,1.24325e-06,0.00820541,-1.44764e-06,-1.57469,-0.000334965,1.56885,-0.785302
0.68,0.003,5.0,0.00839769,0.0147833,0.00658944,0.0397064,0,28.9702,0.795364,0,1.23784e-06,0.00820031,-1.44593e-06,-1.5747,-0.000334954,1.56886,-0.785302
0.68,0.005,0.0,0.00832236,0.0148334,0.00658859,0.0399805,0,29.3861,0.80361,0,-0.000389508,0.00821069,0.000389765,-1.57468,-0.000335628,1.56885,-0.785301
0.68,0.005,2.0,0.00840841,0.0147778,0.00658942,0.0396713,0,28.9248,0.79445,0,1.24078e-06,0.0082013,-1.44831e-06,-1.5747,-0.000334958,1.56885,-0.785302
0.68,0.005,5.0,0.00854766,0.0146974,0.00659058,0.0392336,0,28.3099,0.781767,0,1.23064e-06,0.00818727,-1.44813e-06,-1.57472,-0.00033493,1.56886,-0.785302
0.68,0.01,0.0,0.00833128,0.0148334,0.0065881,0.0399567,0,29.3794,0.803479,0,-0.000389488,0.00821982,0.000389753,-1.57467,-0.000335657,1.56884,-0.785301
0.68,0.01,2.0,0.00870467,0.0146205,0.00659127,0.0388039,0,27.765,0.770047,0,1.22929e-06,0.0081823,-1.45146e-06,-1.57473,-0.000334927,1.56887,-0.785302
0.68,0.01,5.0,0.00936098,0.0143403,0.00659559,0.037375,0,26.0971,0.731062,0,1.19742e-06,0.00812854,-1.45876e-06,-1.57481,-0.000334816,1.5689,-0.785302
0.69,0.0001,0.0,0.0085806,0.0149307,0.00657725,0.0470563,0,41.8199,0.973711,0,-0.00045371,0.00839667,0.000454275,-1.57441,-0.000335865,1.56876,-0.785301
0.69,0.0001,2.0,0.00858066,0.0149308,0.0065773,0.047056,0,41.819,0.973701,0,1.373e-06,0.00839676,-1.4016e-06,-1.57441,-0.000335021,1.56876,-0.785301
0.69,0.0001,5.0,0.00858073,0.0149307,0.0065773,0.0470556,0,41.8175,0.973687,0,1.36349e-06,0.00839675,-1.39229e-06,-1.57441,-0.00033502,1.56876,-0.785301
0.69,0.0003,0.0,0.00858061,0.0149307,0.00657725,0.0470562,0,41.8199,0.97371,0,-0.00045371,0.00839668,0.000454275,-1.57441,-0.000335865,1.56876,-0.785301
0.69,0.0003,2.0,0.00858104,0.0149305,0.0065773,0.0470538,0,41.8112,0.973627,0,1.37299e-06,0.00839674,-1.4016e-06,-1.57441,-0.000335021,1.56876,-0.785301
0.69,0.0003,5.0,0.00858164,0.0149301,0.00657731,0.0470501,0,41.7982,0.973503,0,1.36345e-06,0.00839668,-1.3923e-06,-1.57441,-0.00033502,1.56876,-0.785301
0.69,0.0005,0.0,0.00858064,0.0149307,0.00657725,0.0470561,0,41.8198,0.973709,0,-0.000453709,0.0083967,0.000454275,-1.57441,-0.000335866,1.56876,-0.785301
0.69,0.0005,2.0,0.00858178,0.01493,0.00657731,0.0470493,0,41.7958,0.97348,0,1.37296e-06,0.00839669,-1.40161e-06,-1.57441,-0.000335021,1.56876,-0.785301
0.69,0.0005,5.0,0.00858346,0.0149288,0.00657732,0.0470393,0,41.7598,0.973136,0,1.36337e-06,0.00839653,-1.39232e-06,-1.57441,-0.00033502,1.56876,-0.785301
0.69,0.001,0.0,0.00858076,0.0149307,0.00657724,0.0470555,0,41.8194,0.973706,0,-0.000453709,0.0083968,0.000454275,-1.57441,-0.000335866,1.56876,-0.785301
0.69,0.001,2.0,0.00858527,0.0149276,0.00657733,0.0470286,0,41.7236,0.97279,0,1.37284e-06,0.00839647,-1.40164e-06,-1.57441,-0.00033502,1.56876,-0.785301
0.69,0.001,5.0,0.00859204,0.0149229,0.00657738,0.0469886,0,41.5823,0.97143,0,1.36301e-06,0.00839583,-1.39241e-06,-1.57441,-0.000335019,1.56876,-0.785301
0.69,0.003,0.0,0.00858206,0.0149307,0.00657717,0.0470496,0,41.8152,0.973665,0,-0.000453705,0.0083979,0.000454272,-1.57441,-0.000335869,1.56876,-0.785301
0.69,0.003,2.0,0.00862315,0.0149025,0.00657756,0.0468126,0,40.9959,0.965689,0,1.3715e-06,0.00839416,-1.40197e-06,-1.57441,-0.000335017,1.56877,-0.785301
0.69,0.003,5.0,0.00868746,0.0148613,0.00657806,0.0464756,0,39.9176,0.954687,0,1.35914e-06,0.00838843,-1.39345e-06,-1.57442,-0.000335006,1.56877,-0.785302
0.69,0.005,0.0,0.00858467,0.0149307,0.00657704,0.0470377,0,41.8067,0.973584,0,-0.000453698,0.00840009,0.000454267,-1.57441,-0.000335875,1.56876,-0.785301
0.69,0.005,2.0,0.00870215,0.0148538,0.00657802,0.0464048,0,39.7288,0.952699,0,1.36882e-06,0.00838954,-1.40263e-06,-1.57442,-0.00033501,1.56877,-0.785302
0.69,0.005,5.0,0.00889495,0.0147472,0.0065794,0.045572,0,37.4391,0.926965,0,1.35145e-06,0.00837377,-1.39554e-06,-1.57445,-0.000334982,1.56878,-0.785302
0.69,0.01,0.0,0.00859695,0.0149307,0.00657641,0.0469823,0,41.7666,0.973201,0,-0.000453664,0.00841039,0.000454241,-1.57439,-0.000335905,1.56876,-0.785301
0.69,0.01,2.0,0.00911117,0.0146485,0.00658015,0.0448041,0,35.7173,0.90541,0,1.35636e-06,0.00836823,-1.40577e-06,-1.57446,-0.000334979,1.56878,-0.785302
0.69,0.01,5.0,0.00999423,0.0143049,0.00658528,0.0425069,0,31.5068,0.842613,0,1.31603e-06,0.00830781,-1.40571e-06,-1.57455,-0.000334866,1.56882,-0.785302
0.7,0.0001,0.0,0.0145123,0.0253982,0.00656626,2.17913,12,32681.1,1.39985,0,2.56981e-05,0.00858582,-2.55878e-05,-1.57414,-0.000335022,1.56868,-0.785301
0.7,0.0001,2.0,0.175896,0.685391,0.4302,3.07099,1147,9252.35,2.67252,0,-7.27663e-05,1.74704,0.0070748,-0.0678003,0.00861019,0.219366,-0.778591
0.7,0.0001,5.0,0.0120726,0.0219523,0.00656625,6.9986,8,57303.3,1.39933,0,1.48542e-06,0.0085858,-1.33963e-06,-1.57414,-0.000335073,1.56868,-0.785301
0.7,0.0003,0.0,0.0136394,0.0240852,0.00656624,1.07056,10,12978.8,1.39866,0,-0.000135246,0.0085858,0.000135589,-1.57414,-0.000335352,1.56868,-0.785301
0.7,0.0003,2.0,0.01065,0.0192863,0.00656626,2.40957,2,98861.5,1.388,0,1.50173e-06,0.00858579,-1.35574e-06,-1.57414,-0.000335073,1.56868,-0.785301
0.7,0.0003,5.0,0.00911313,0.0155672,0.00656626,0.823559,0,4538.99,1.36791,0,1.48537e-06,0.00858572,-1.33964e-06,-1.57414,-0.000335073,1.56868,-0.785301
0.7,0.0005,0.0,0.175802,0.685532,0.430141,3.07099,1145,128652.0,2.67327,0,0.000717603,1.74742,0.00591498,-0.0677282,0.00189547,0.218077,-0.786352
0.7,0.0005,2.0,0.00891162,0.0151615,0.00656626,0.192015,0,2798.53,1.36389,0,1.5017e-06,0.00858573,-1.35575e-06,-1.57414,-0.000335073,1.56868,-0.785301
0.7,0.0005,5.0,0.00886229,0.0149956,0.00656628,0.0954956,0,917.566,1.35084,0,1.48529e-06,0.00858556,-1.33966e-06,-1.57414,-0.000335072,1.56868,-0.785301
0.7,0.001,0.0,0.175722,0.685256,0.430174,3.06781,1140,693352.0,2.67284,0,0.00083001,1.74725,0.00637159,-0.0677231,0.00366092,0.218708,-0.783836
0.7,0.001,2.0,0.00886846,0.0150069,0.00656629,0.0741779,0,566.915,1.34005,0,1.50156e-06,0.00858549,-1.35578e-06,-1.57414,-0.000335073,1.56868,-0.785301
0.7,0.001,5.0,0.00888255,0.0149976,0.00656635,0.06361,0,260.239,1.30593,0,1.48491e-06,0.00858478,-1.33975e-06,-1.57414,-0.000335071,1.56868,-0.785301
0.7,0.003,0.0,0.175377,0.684549,0.43014,3.06198,1140,1572330.0,2.67335,0,0.000343653,1.74747,0.00598654,-0.0677407,0.00182385,0.217919,-0.78662
0.7,0.003,2.0,0.00894196,0.0149618,0.00656655,0.0600602,0,129.552,1.2422,0,1.50011e-06,0.00858292,-1.35611e-06,-1.57414,-0.000335069,1.56868,-0.785301
0.7,0.003,5.0,0.00905463,0.0148983,0.00656712,0.057804,0,89.5941,1.18548,0,1.48079e-06,0.00857656,-1.34074e-06,-1.57415,-0.000335058,1.56868,-0.785301
0.7,0.005,0.0,0.17483,0.682986,0.430132,3.05115,1140,1572210.0,2.67344,0,0.000153336,1.7475,0.00586627,-0.0677458,0.00146455,0.217793,-0.786987
0.7,0.005,2.0,0.00907863,0.0148876,0.00656707,0.0574627,0,86.0636,1.17792,0,1.49722e-06,0.00857781,-1.35677e-06,-1.57415,-0.000335062,1.56868,-0.785301
0.7,0.005,5.0,0.00938447,0.0147429,0.00656864,0.054608,0,62.4781,1.10542,0,1.47259e-06,0.00856029,-1.34273e-06,-1.57418,-0.000335033,1.56869,-0.785301
0.7,0.01,0.0,0.00888457,0.0150183,0.00656517,0.0773766,0,580.4,1.34063,0,-0.000545354,0.00860099,0.000546301,-1.57411,-0.000336236,1.56867,-0.785301
0.7,0.01,2.0,0.00970222,0.0146184,0.00656947,0.0527318,0,53.5192,1.061,0,1.48378e-06,0.00855416,-1.3599e-06,-1.57419,-0.00033503,1.5687,-0.785301
0.7,0.01,5.0,0.0108986,0.0142111,0.00657536,0.0485045,0,40.2926,0.958939,0,1.43489e-06,0.00848706,-1.35249e-06,-1.57429,-0.000334915,1.56874,-0.785302
0.71,0.0001,0.0,0.0748654,0.128902,0.00655572,25.4643,99,92473.5,1.50607,0,0.000653842,0.00877503,-0.000654552,-1.57386,-0.00033366,1.56859,-0.785302
0.71,0.0001,2.0,0.0750166,0.128709,0.00655565,19.8804,99,124501.0,1.50239,0,1.63086e-06,0.00877489,-1.30968e-06,-1.57386,-0.000335125,1.56859,-0.785301
0.71,0.0001,5.0,0.0802017,0.136152,0.00655566,25.64,110,41278.5,1.50631,0,1.6077e-06,0.00877488,-1.28675e-06,-1.57386,-0.000335125,1.56859,-0.785301
0.71,0.0003,0.0,0.0755488,0.129469,0.00655566,11.9647,97,68355.2,1.50445,0,9.83948e-05,0.00877493,-9.82274e-05,-1.57386,-0.000334906,1.56859,-0.785302
0.71,0.0003,2.0,0.0801504,0.136956,0.00655566,11.502,108,51226.3,1.51137,0,1.63084e-06,0.00877486,-1.30968e-06,-1.57386,-0.000335125,1.56859,-0.785301
0.71,0.0003,5.0,0.0733143,0.125428,0.00655566,13.2106,117,151859.0,1.49504,0,1.60765e-06,0.00877479,-1.28675e-06,-1.57386,-0.000335125,1.56859,-0.785301
0.71,0.0005,0.0,0.180437,0.674101,0.430161,6.63984,1356,3697140.0,2.67299,0,0.000471992,1.74731,0.00632737,-0.0677276,0.00307807,0.218476,-0.784612
0.71,0.0005,2.0,0.0727988,0.125511,0.00655566,8.37824,113,870380.0,1.50183,0,1.63081e-06,0.0087748,-1.30969e-06,-1.57386,-0.000335125,1.56859,-0.785301
0.71,0.0005,5.0,0.0682191,0.1185,0.00655568,9.26621,99,86959.3,1.49941,0,1.60756e-06,0.00877461,-1.28677e-06,-1.57386,-0.000335124,1.56859,-0.785301
0.71,0.001,0.0,0.178058,0.672114,0.430168,3.54395,1192,408719.0,2.67292,0,0.000460773,1.74728,0.00641491,-0.0677294,0.00343024,0.218584,-0.784104
0.71,0.001,2.0,0.0467101,0.0851614,0.00655569,4.50028,107,580919.0,1.48069,0,1.63066e-06,0.00877454,-1.30972e-06,-1.57386,-0.000335125,1.56859,-0.785301
0.71,0.001,5.0,0.030082,0.0566594,0.00655576,2.05196,30,2642.84,1.43681,0,1.60715e-06,0.00877376,-1.28686e-06,-1.57386,-0.000335123,1.56859,-0.785301
0.71,0.003,0.0,0.170487,0.665429,0.430195,3.07048,1056,3120000.0,2.67247,0,0.000779173,1.74709,0.00674937,-0.0677131,0.00501358,0.219268,-0.781717
0.71,0.003,2.0,0.010069,0.0147597,0.00655598,0.16426,0,794.235,1.34825,0,1.6291e-06,0.00877172,-1.31005e-06,-1.57387,-0.000335121,1.56859,-0.785301
0.71,0.003,5.0,0.0101641,0.0147274,0.00655663,0.103185,0,327.976,1.31896,0,1.60277e-06,0.00876471,-1.28781e-06,-1.57388,-0.00033511,1.5686,-0.785301
0.71,0.005,0.0,0.169932,0.663898,0.430189,3.06079,1053,1646620.0,2.67258,0,0.000622383,1.74714,0.00670849,-0.0677198,0.00468263,0.219106,-0.782203
0.71,0.005,2.0,0.0101867,0.0147186,0.00655656,0.0973199,0,297.192,1.31378,0,1.62599e-06,0.00876609,-1.31072e-06,-1.57387,-0.000335114,1.5686,-0.785301
0.71,0.005,5.0,0.010515,0.0145853,0.00655833,0.0721437,0,133.33,1.24593,0,1.59405e-06,0.00874682,-1.28972e-06,-1.5739,-0.000335085,1.56861,-0.785301
0.71,0.01,0.0,0.167373,0.656651,0.430165,3.0115,1054,1678780.0,2.67297,0,-0.000557518,1.74735,0.00664018,-0.0677718,0.00371796,0.218371,-0.78381
0.71,0.01,2.0,0.0108903,0.0144598,0.00655921,0.064834,0,93.7716,1.19387,0,1.61154e-06,0.0087401,-1.31386e-06,-1.57392,-0.000335081,1.56861,-0.785301
0.71,0.01,5.0,0.0123209,0.0140296,0.00656586,0.0556627,0,54.3077,1.06581,0,1.554e-06,0.00866629,-1.2991e-06,-1.57403,-0.000334965,1.56866,-0.785301
0.72,0.0001,0.0,0.204451,0.70019,0.43026,72.2281,1337,75365.0,2.67142,0,0.00171342,1.74661,0.00755513,-0.0676632,0.00868332,0.220959,-0.776047
0.72,0.0001,2.0,0.201791,0.693276,0.430187,56.8575,1324,116729.0,2.67257,0,-0.000559906,1.74715,0.00674121,-0.067812,0.00783433,0.218992,-0.779794
0.72,0.0001,5.0,0.201876,0.693633,0.430182,75.2554,1325,19954.9,2.6726,0,-0.000953519,1.74717,0.00695295,-0.0678144,0.00818371,0.218921,-0.78002
0.72,0.0003,0.0,0.201732,0.69326,0.430172,22.3029,1322,58922.9,2.67284,0,5.41276e-05,1.74727,0.00658801,-0.0677423,0.00382066,0.218627,-0.783526
0.72,0.0003,2.0,0.133945,0.234525,0.00654551,23.641,119,133528.0,1.59867,0,-1.05909e-05,0.0089644,8.98027e-07,-1.57358,-0.000309814,1.5685,-0.78908
0.72,0.0003,5.0,0.209222,0.720077,0.430183,26.3928,1370,21967.3,2.67257,0,-0.000953226,1.74716,0.00693358,-0.0678134,0.00818387,0.218946,-0.779945
0.72,0.0005,0.0,0.201891,0.693906,0.430151,12.9045,1320,17575.4,2.67316,0,-8.42634e-05,1.74739,0.00635492,-0.0677491,0.00268434,0.218188,-0.785175
0.72,0.0005,2.0,0.210272,0.722983,0.430188,14.7625,1371,20338.5,2.67254,0,-0.000578131,1.74715,0.0067121,-0.0678111,0.00781604,0.219017,-0.779724
0.72,0.0005,5.0,0.114012,0.196466,0.00654553,15.0151,153,109016.0,1.57366,0,1.73019e-06,0.00896368,-1.23365e-06,-1.57359,-0.000335176,1.5685,-0.785301
0.72,0.001,0.0,0.117282,0.203745,0.00654552,6.8899,100,283513.0,1.58434,0,0.000237913,0.00896423,-0.000237822,-1.57358,-0.0003346,1.5685,-0.785302
0.72,0.001,2.0,0.108825,0.19152,0.00654554,7.91266,155,625341.0,1.57665,0,1.76015e-06,0.00896361,-1.26346e-06,-1.57359,-0.000335177,1.5685,-0.785301
0.72,0.001,5.0,0.0866354,0.155667,0.00654562,9.42002,200,210288.0,1.54689,0,1.72975e-06,0.00896275,-1.23374e-06,-1.57359,-0.000335175,1.5685,-0.785301
0.72,0.003,0.0,0.16878,0.650897,0.430192,3.07799,1016,5348130.0,2.67251,0,0.000534234,1.7471,0.00682471,-0.0677193,0.00494953,0.219214,-0.781743
0.72,0.003,2.0,0.0222623,0.0346908,0.00654586,0.815032,4,2333.82,1.41518,0,1.75848e-06,0.00896053,-1.2638e-06,-1.57359,-0.000335173,1.56851,-0.785301
0.72,0.003,5.0,0.0126048,0.0143837,0.00654658,0.157677,0,612.674,1.34227,0,1.72509e-06,0.00895288,-1.23464e-06,-1.5736,-0.000335162,1.56851,-0.785301
0.72,0.005,0.0,0.165618,0.647208,0.430197,3.06522,989,2359170.0,2.67244,0,0.000233948,1.7471,0.00691521,-0.067733,0.00533131,0.219234,-0.781299
0.72,0.005,2.0,0.0126206,0.0143764,0.00654649,0.145535,0,552.899,1.33939,0,1.75514e-06,0.0089544,-1.26447e-06,-1.5736,-0.000335166,1.56851,-0.785301
0.72,0.005,5.0,0.0128576,0.0142638,0.00654845,0.0971485,0,230.764,1.29806,0,1.71584e-06,0.00893336,-1.23649e-06,-1.57363,-0.000335136,1.56852,-0.785301
0.72,0.01,0.0,0.163176,0.640169,0.430184,3.0165,992,1795150.0,2.67261,0,-0.000731173,1.74723,0.00697517,-0.0677817,0.00512254,0.218784,-0.781799
0.72,0.01,2.0,0.0131671,0.0141539,0.0065494,0.0813948,0,151.289,1.26074,0,1.73964e-06,0.00892605,-1.26764e-06,-1.57365,-0.000335132,1.56853,-0.785301
0.72,0.01,5.0,0.0145224,0.0137479,0.00655677,0.0640289,0,73.6469,1.14608,0,1.67337e-06,0.00884549,-1.24555e-06,-1.57377,-0.000335015,1.56858,-0.785301
